{"Omega": {"t 2000": 2.5652778259641584, "t 4000": 2.5459517701356527}, "Delta_i": {"t 2000": -3.054642235787642, "t 4000": -6.175726575815153}, "Delta_f": {"t 2000": 6.044076733967179, "t 4000": 6.186741234222494}}