{"pos": [[3, 1], [2, 0], [2, 2], [0, 2], [0, 0], [3, 3], [2, 3], [0, 1], [0, 3], [1, 0], [1, 1], [2, 1], [3, 2]], "edges": [[0, 1], [0, 2], [0, 11], [0, 12], [1, 9], [1, 10], [1, 11], [2, 5], [2, 6], [2, 10], [2, 11], [2, 12], [3, 7], [3, 8], [3, 10], [4, 7], [4, 9], [4, 10], [5, 6], [5, 12], [6, 12], [7, 9], [7, 10], [9, 10], [9, 11], [10, 11], [11, 12]], "distances": [[0.0, 1.4142135623730951, 1.4142135623730951, 3.1622776601683795, 3.1622776601683795, 2.0, 2.23606797749979, 3.0, 3.605551275463989, 2.23606797749979, 2.0, 1.0, 1.0], [1.4142135623730951, 0.0, 2.0, 2.8284271247461903, 2.0, 3.1622776601683795, 3.0, 2.23606797749979, 3.605551275463989, 1.0, 1.4142135623730951, 1.0, 2.23606797749979], [1.4142135623730951, 2.0, 0.0, 2.0, 2.8284271247461903, 1.4142135623730951, 1.0, 2.23606797749979, 2.23606797749979, 2.23606797749979, 1.4142135623730951, 1.0, 1.0], [3.1622776601683795, 2.8284271247461903, 2.0, 0.0, 2.0, 3.1622776601683795, 2.23606797749979, 1.0, 1.0, 2.23606797749979, 1.4142135623730951, 2.23606797749979, 3.0], [3.1622776601683795, 2.0, 2.8284271247461903, 2.0, 0.0, 4.242640687119285, 3.605551275463989, 1.0, 3.0, 1.0, 1.4142135623730951, 2.23606797749979, 3.605551275463989], [2.0, 3.1622776601683795, 1.4142135623730951, 3.1622776601683795, 4.242640687119285, 0.0, 1.0, 3.605551275463989, 3.0, 3.605551275463989, 2.8284271247461903, 2.23606797749979, 1.0], [2.23606797749979, 3.0, 1.0, 2.23606797749979, 3.605551275463989, 1.0, 0.0, 2.8284271247461903, 2.0, 3.1622776601683795, 2.23606797749979, 2.0, 1.4142135623730951], [3.0, 2.23606797749979, 2.23606797749979, 1.0, 1.0, 3.605551275463989, 2.8284271247461903, 0.0, 2.0, 1.4142135623730951, 1.0, 2.0, 3.1622776601683795], [3.605551275463989, 3.605551275463989, 2.23606797749979, 1.0, 3.0, 3.0, 2.0, 2.0, 0.0, 3.1622776601683795, 2.23606797749979, 2.8284271247461903, 3.1622776601683795], [2.23606797749979, 1.0, 2.23606797749979, 2.23606797749979, 1.0, 3.605551275463989, 3.1622776601683795, 1.4142135623730951, 3.1622776601683795, 0.0, 1.0, 1.4142135623730951, 2.8284271247461903], [2.0, 1.4142135623730951, 1.4142135623730951, 1.4142135623730951, 1.4142135623730951, 2.8284271247461903, 2.23606797749979, 1.0, 2.23606797749979, 1.0, 0.0, 1.0, 2.23606797749979], [1.0, 1.0, 1.0, 2.23606797749979, 2.23606797749979, 2.23606797749979, 2.0, 2.0, 2.8284271247461903, 1.4142135623730951, 1.0, 0.0, 1.4142135623730951], [1.0, 2.23606797749979, 1.0, 3.0, 3.605551275463989, 1.0, 1.4142135623730951, 3.1622776601683795, 3.1622776601683795, 2.8284271247461903, 2.23606797749979, 1.4142135623730951, 0.0]], "sol": "1001110000000", "grid_side": 4}