{"pos": [[0, 4], [2, 0], [4, 0], [4, 4], [0, 2], [3, 4], [2, 1], [1, 1], [1, 2], [1, 0], [0, 0], [3, 1], [3, 3], [1, 4], [0, 3], [4, 3], [1, 3], [4, 1], [2, 2], [2, 3], [0, 1]], "edges": [[0, 13], [0, 14], [0, 16], [1, 6], [1, 7], [1, 9], [1, 11], [2, 11], [2, 17], [3, 5], [3, 12], [3, 15], [4, 7], [4, 8], [4, 14], [4, 16], [4, 20], [5, 12], [5, 15], [5, 19], [6, 7], [6, 8], [6, 9], [6, 11], [6, 18], [7, 8], [7, 9], [7, 10], [7, 18], [7, 20], [8, 14], [8, 16], [8, 18], [8, 19], [8, 20], [9, 10], [9, 20], [10, 20], [11, 17], [11, 18], [12, 15], [12, 18], [12, 19], [13, 14], [13, 16], [13, 19], [14, 16], [16, 18], [16, 19], [18, 19]], "distances": [[0.0, 4.47213595499958, 5.656854249492381, 4.0, 2.0, 3.0, 3.605551275463989, 3.1622776601683795, 2.23606797749979, 4.123105625617661, 4.0, 4.242640687119285, 3.1622776601683795, 1.0, 1.0, 4.123105625617661, 1.4142135623730951, 5.0, 2.8284271247461903, 2.23606797749979, 3.0], [4.47213595499958, 0.0, 2.0, 4.47213595499958, 2.8284271247461903, 4.123105625617661, 1.0, 1.4142135623730951, 2.23606797749979, 1.0, 2.0, 1.4142135623730951, 3.1622776601683795, 4.123105625617661, 3.605551275463989, 3.605551275463989, 3.1622776601683795, 2.23606797749979, 2.0, 3.0, 2.23606797749979], [5.656854249492381, 2.0, 0.0, 4.0, 4.47213595499958, 4.123105625617661, 2.23606797749979, 3.1622776601683795, 3.605551275463989, 3.0, 4.0, 1.4142135623730951, 3.1622776601683795, 5.0, 5.0, 3.0, 4.242640687119285, 1.0, 2.8284271247461903, 3.605551275463989, 4.123105625617661], [4.0, 4.47213595499958, 4.0, 0.0, 4.47213595499958, 1.0, 3.605551275463989, 4.242640687119285, 3.605551275463989, 5.0, 5.656854249492381, 3.1622776601683795, 1.4142135623730951, 3.0, 4.123105625617661, 1.0, 3.1622776601683795, 3.0, 2.8284271247461903, 2.23606797749979, 5.0], [2.0, 2.8284271247461903, 4.47213595499958, 4.47213595499958, 0.0, 3.605551275463989, 2.23606797749979, 1.4142135623730951, 1.0, 2.23606797749979, 2.0, 3.1622776601683795, 3.1622776601683795, 2.23606797749979, 1.0, 4.123105625617661, 1.4142135623730951, 4.123105625617661, 2.0, 2.23606797749979, 1.0], [3.0, 4.123105625617661, 4.123105625617661, 1.0, 3.605551275463989, 0.0, 3.1622776601683795, 3.605551275463989, 2.8284271247461903, 4.47213595499958, 5.0, 3.0, 1.0, 2.0, 3.1622776601683795, 1.4142135623730951, 2.23606797749979, 3.1622776601683795, 2.23606797749979, 1.4142135623730951, 4.242640687119285], [3.605551275463989, 1.0, 2.23606797749979, 3.605551275463989, 2.23606797749979, 3.1622776601683795, 0.0, 1.0, 1.4142135623730951, 1.4142135623730951, 2.23606797749979, 1.0, 2.23606797749979, 3.1622776601683795, 2.8284271247461903, 2.8284271247461903, 2.23606797749979, 2.0, 1.0, 2.0, 2.0], [3.1622776601683795, 1.4142135623730951, 3.1622776601683795, 4.242640687119285, 1.4142135623730951, 3.605551275463989, 1.0, 0.0, 1.0, 1.0, 1.4142135623730951, 2.0, 2.8284271247461903, 3.0, 2.23606797749979, 3.605551275463989, 2.0, 3.0, 1.4142135623730951, 2.23606797749979, 1.0], [2.23606797749979, 2.23606797749979, 3.605551275463989, 3.605551275463989, 1.0, 2.8284271247461903, 1.4142135623730951, 1.0, 0.0, 2.0, 2.23606797749979, 2.23606797749979, 2.23606797749979, 2.0, 1.4142135623730951, 3.1622776601683795, 1.0, 3.1622776601683795, 1.0, 1.4142135623730951, 1.4142135623730951], [4.123105625617661, 1.0, 3.0, 5.0, 2.23606797749979, 4.47213595499958, 1.4142135623730951, 1.0, 2.0, 0.0, 1.0, 2.23606797749979, 3.605551275463989, 4.0, 3.1622776601683795, 4.242640687119285, 3.0, 3.1622776601683795, 2.23606797749979, 3.1622776601683795, 1.4142135623730951], [4.0, 2.0, 4.0, 5.656854249492381, 2.0, 5.0, 2.23606797749979, 1.4142135623730951, 2.23606797749979, 1.0, 0.0, 3.1622776601683795, 4.242640687119285, 4.123105625617661, 3.0, 5.0, 3.1622776601683795, 4.123105625617661, 2.8284271247461903, 3.605551275463989, 1.0], [4.242640687119285, 1.4142135623730951, 1.4142135623730951, 3.1622776601683795, 3.1622776601683795, 3.0, 1.0, 2.0, 2.23606797749979, 2.23606797749979, 3.1622776601683795, 0.0, 2.0, 3.605551275463989, 3.605551275463989, 2.23606797749979, 2.8284271247461903, 1.0, 1.4142135623730951, 2.23606797749979, 3.0], [3.1622776601683795, 3.1622776601683795, 3.1622776601683795, 1.4142135623730951, 3.1622776601683795, 1.0, 2.23606797749979, 2.8284271247461903, 2.23606797749979, 3.605551275463989, 4.242640687119285, 2.0, 0.0, 2.23606797749979, 3.0, 1.0, 2.0, 2.23606797749979, 1.4142135623730951, 1.0, 3.605551275463989], [1.0, 4.123105625617661, 5.0, 3.0, 2.23606797749979, 2.0, 3.1622776601683795, 3.0, 2.0, 4.0, 4.123105625617661, 3.605551275463989, 2.23606797749979, 0.0, 1.4142135623730951, 3.1622776601683795, 1.0, 4.242640687119285, 2.23606797749979, 1.4142135623730951, 3.1622776601683795], [1.0, 3.605551275463989, 5.0, 4.123105625617661, 1.0, 3.1622776601683795, 2.8284271247461903, 2.23606797749979, 1.4142135623730951, 3.1622776601683795, 3.0, 3.605551275463989, 3.0, 1.4142135623730951, 0.0, 4.0, 1.0, 4.47213595499958, 2.23606797749979, 2.0, 2.0], [4.123105625617661, 3.605551275463989, 3.0, 1.0, 4.123105625617661, 1.4142135623730951, 2.8284271247461903, 3.605551275463989, 3.1622776601683795, 4.242640687119285, 5.0, 2.23606797749979, 1.0, 3.1622776601683795, 4.0, 0.0, 3.0, 2.0, 2.23606797749979, 2.0, 4.47213595499958], [1.4142135623730951, 3.1622776601683795, 4.242640687119285, 3.1622776601683795, 1.4142135623730951, 2.23606797749979, 2.23606797749979, 2.0, 1.0, 3.0, 3.1622776601683795, 2.8284271247461903, 2.0, 1.0, 1.0, 3.0, 0.0, 3.605551275463989, 1.4142135623730951, 1.0, 2.23606797749979], [5.0, 2.23606797749979, 1.0, 3.0, 4.123105625617661, 3.1622776601683795, 2.0, 3.0, 3.1622776601683795, 3.1622776601683795, 4.123105625617661, 1.0, 2.23606797749979, 4.242640687119285, 4.47213595499958, 2.0, 3.605551275463989, 0.0, 2.23606797749979, 2.8284271247461903, 4.0], [2.8284271247461903, 2.0, 2.8284271247461903, 2.8284271247461903, 2.0, 2.23606797749979, 1.0, 1.4142135623730951, 1.0, 2.23606797749979, 2.8284271247461903, 1.4142135623730951, 1.4142135623730951, 2.23606797749979, 2.23606797749979, 2.23606797749979, 1.4142135623730951, 2.23606797749979, 0.0, 1.0, 2.23606797749979], [2.23606797749979, 3.0, 3.605551275463989, 2.23606797749979, 2.23606797749979, 1.4142135623730951, 2.0, 2.23606797749979, 1.4142135623730951, 3.1622776601683795, 3.605551275463989, 2.23606797749979, 1.0, 1.4142135623730951, 2.0, 2.0, 1.0, 2.8284271247461903, 1.0, 0.0, 2.8284271247461903], [3.0, 2.23606797749979, 4.123105625617661, 5.0, 1.0, 4.242640687119285, 2.0, 1.0, 1.4142135623730951, 1.4142135623730951, 1.0, 3.0, 3.605551275463989, 3.1622776601683795, 2.0, 4.47213595499958, 2.23606797749979, 4.0, 2.23606797749979, 2.8284271247461903, 0.0]], "sol": "111110000010000000100", "grid_side": 5}