{"pos": [[2, 0], [4, 1], [0, 0], [3, 2], [1, 1], [3, 0], [4, 5], [0, 3], [4, 4], [0, 5], [5, 4], [4, 0], [2, 3], [5, 1], [1, 5], [0, 1], [2, 1], [1, 0], [3, 3], [5, 5], [0, 4], [3, 5], [5, 3], [2, 4], [4, 2], [1, 3], [3, 1], [0, 2], [2, 5], [5, 2]], "edges": [[0, 4], [0, 5], [0, 16], [0, 17], [0, 26], [1, 3], [1, 5], [1, 11], [1, 13], [1, 24], [1, 26], [1, 29], [2, 4], [2, 15], [2, 17], [3, 12], [3, 16], [3, 18], [3, 24], [3, 26], [4, 15], [4, 16], [4, 17], [4, 27], [5, 11], [5, 16], [5, 26], [6, 8], [6, 10], [6, 19], [6, 21], [7, 20], [7, 25], [7, 27], [8, 10], [8, 18], [8, 19], [8, 21], [8, 22], [9, 14], [9, 20], [10, 19], [10, 22], [11, 13], [11, 26], [12, 18], [12, 23], [12, 25], [13, 24], [13, 29], [14, 20], [14, 23], [14, 28], [15, 17], [15, 27], [16, 17], [16, 26], [18, 23], [18, 24], [20, 25], [21, 23], [21, 28], [22, 24], [22, 29], [23, 25], [23, 28], [24, 26], [24, 29], [25, 27]], "distances": [[0.0, 2.23606797749979, 2.0, 2.23606797749979, 1.4142135623730951, 1.0, 5.385164807134504, 3.605551275463989, 4.47213595499958, 5.385164807134504, 5.0, 2.0, 3.0, 3.1622776601683795, 5.0990195135927845, 2.23606797749979, 1.0, 1.0, 3.1622776601683795, 5.830951894845301, 4.47213595499958, 5.0990195135927845, 4.242640687119285, 4.0, 2.8284271247461903, 3.1622776601683795, 1.4142135623730951, 2.8284271247461903, 5.0, 3.605551275463989], [2.23606797749979, 0.0, 4.123105625617661, 1.4142135623730951, 3.0, 1.4142135623730951, 4.0, 4.47213595499958, 3.0, 5.656854249492381, 3.1622776601683795, 1.0, 2.8284271247461903, 1.0, 5.0, 4.0, 2.0, 3.1622776601683795, 2.23606797749979, 4.123105625617661, 5.0, 4.123105625617661, 2.23606797749979, 3.605551275463989, 1.0, 3.605551275463989, 1.0, 4.123105625617661, 4.47213595499958, 1.4142135623730951], [2.0, 4.123105625617661, 0.0, 3.605551275463989, 1.4142135623730951, 3.0, 6.4031242374328485, 3.0, 5.656854249492381, 5.0, 6.4031242374328485, 4.0, 3.605551275463989, 5.0990195135927845, 5.0990195135927845, 1.0, 2.23606797749979, 1.0, 4.242640687119285, 7.0710678118654755, 4.0, 5.830951894845301, 5.830951894845301, 4.47213595499958, 4.47213595499958, 3.1622776601683795, 3.1622776601683795, 2.0, 5.385164807134504, 5.385164807134504], [2.23606797749979, 1.4142135623730951, 3.605551275463989, 0.0, 2.23606797749979, 2.0, 3.1622776601683795, 3.1622776601683795, 2.23606797749979, 4.242640687119285, 2.8284271247461903, 2.23606797749979, 1.4142135623730951, 2.23606797749979, 3.605551275463989, 3.1622776601683795, 1.4142135623730951, 2.8284271247461903, 1.0, 3.605551275463989, 3.605551275463989, 3.0, 2.23606797749979, 2.23606797749979, 1.0, 2.23606797749979, 1.0, 3.0, 3.1622776601683795, 2.0], [1.4142135623730951, 3.0, 1.4142135623730951, 2.23606797749979, 0.0, 2.23606797749979, 5.0, 2.23606797749979, 4.242640687119285, 4.123105625617661, 5.0, 3.1622776601683795, 2.23606797749979, 4.0, 4.0, 1.0, 1.0, 1.0, 2.8284271247461903, 5.656854249492381, 3.1622776601683795, 4.47213595499958, 4.47213595499958, 3.1622776601683795, 3.1622776601683795, 2.0, 2.0, 1.4142135623730951, 4.123105625617661, 4.123105625617661], [1.0, 1.4142135623730951, 3.0, 2.0, 2.23606797749979, 0.0, 5.0990195135927845, 4.242640687119285, 4.123105625617661, 5.830951894845301, 4.47213595499958, 1.0, 3.1622776601683795, 2.23606797749979, 5.385164807134504, 3.1622776601683795, 1.4142135623730951, 2.0, 3.0, 5.385164807134504, 5.0, 5.0, 3.605551275463989, 4.123105625617661, 2.23606797749979, 3.605551275463989, 1.0, 3.605551275463989, 5.0990195135927845, 2.8284271247461903], [5.385164807134504, 4.0, 6.4031242374328485, 3.1622776601683795, 5.0, 5.0990195135927845, 0.0, 4.47213595499958, 1.0, 4.0, 1.4142135623730951, 5.0, 2.8284271247461903, 4.123105625617661, 3.0, 5.656854249492381, 4.47213595499958, 5.830951894845301, 2.23606797749979, 1.0, 4.123105625617661, 1.0, 2.23606797749979, 2.23606797749979, 3.0, 3.605551275463989, 4.123105625617661, 5.0, 2.0, 3.1622776601683795], [3.605551275463989, 4.47213595499958, 3.0, 3.1622776601683795, 2.23606797749979, 4.242640687119285, 4.47213595499958, 0.0, 4.123105625617661, 2.0, 5.0990195135927845, 5.0, 2.0, 5.385164807134504, 2.23606797749979, 2.0, 2.8284271247461903, 3.1622776601683795, 3.0, 5.385164807134504, 1.0, 3.605551275463989, 5.0, 2.23606797749979, 4.123105625617661, 1.0, 3.605551275463989, 1.0, 2.8284271247461903, 5.0990195135927845], [4.47213595499958, 3.0, 5.656854249492381, 2.23606797749979, 4.242640687119285, 4.123105625617661, 1.0, 4.123105625617661, 0.0, 4.123105625617661, 1.0, 4.0, 2.23606797749979, 3.1622776601683795, 3.1622776601683795, 5.0, 3.605551275463989, 5.0, 1.4142135623730951, 1.4142135623730951, 4.0, 1.4142135623730951, 1.4142135623730951, 2.0, 2.0, 3.1622776601683795, 3.1622776601683795, 4.47213595499958, 2.23606797749979, 2.23606797749979], [5.385164807134504, 5.656854249492381, 5.0, 4.242640687119285, 4.123105625617661, 5.830951894845301, 4.0, 2.0, 4.123105625617661, 0.0, 5.0990195135927845, 6.4031242374328485, 2.8284271247461903, 6.4031242374328485, 1.0, 4.0, 4.47213595499958, 5.0990195135927845, 3.605551275463989, 5.0, 1.0, 3.0, 5.385164807134504, 2.23606797749979, 5.0, 2.23606797749979, 5.0, 3.0, 2.0, 5.830951894845301], [5.0, 3.1622776601683795, 6.4031242374328485, 2.8284271247461903, 5.0, 4.47213595499958, 1.4142135623730951, 5.0990195135927845, 1.0, 5.0990195135927845, 0.0, 4.123105625617661, 3.1622776601683795, 3.0, 4.123105625617661, 5.830951894845301, 4.242640687119285, 5.656854249492381, 2.23606797749979, 1.0, 5.0, 2.23606797749979, 1.0, 3.0, 2.23606797749979, 4.123105625617661, 3.605551275463989, 5.385164807134504, 3.1622776601683795, 2.0], [2.0, 1.0, 4.0, 2.23606797749979, 3.1622776601683795, 1.0, 5.0, 5.0, 4.0, 6.4031242374328485, 4.123105625617661, 0.0, 3.605551275463989, 1.4142135623730951, 5.830951894845301, 4.123105625617661, 2.23606797749979, 3.0, 3.1622776601683795, 5.0990195135927845, 5.656854249492381, 5.0990195135927845, 3.1622776601683795, 4.47213595499958, 2.0, 4.242640687119285, 1.4142135623730951, 4.47213595499958, 5.385164807134504, 2.23606797749979], [3.0, 2.8284271247461903, 3.605551275463989, 1.4142135623730951, 2.23606797749979, 3.1622776601683795, 2.8284271247461903, 2.0, 2.23606797749979, 2.8284271247461903, 3.1622776601683795, 3.605551275463989, 0.0, 3.605551275463989, 2.23606797749979, 2.8284271247461903, 2.0, 3.1622776601683795, 1.0, 3.605551275463989, 2.23606797749979, 2.23606797749979, 3.0, 1.0, 2.23606797749979, 1.0, 2.23606797749979, 2.23606797749979, 2.0, 3.1622776601683795], [3.1622776601683795, 1.0, 5.0990195135927845, 2.23606797749979, 4.0, 2.23606797749979, 4.123105625617661, 5.385164807134504, 3.1622776601683795, 6.4031242374328485, 3.0, 1.4142135623730951, 3.605551275463989, 0.0, 5.656854249492381, 5.0, 3.0, 4.123105625617661, 2.8284271247461903, 4.0, 5.830951894845301, 4.47213595499958, 2.0, 4.242640687119285, 1.4142135623730951, 4.47213595499958, 2.0, 5.0990195135927845, 5.0, 1.0], [5.0990195135927845, 5.0, 5.0990195135927845, 3.605551275463989, 4.0, 5.385164807134504, 3.0, 2.23606797749979, 3.1622776601683795, 1.0, 4.123105625617661, 5.830951894845301, 2.23606797749979, 5.656854249492381, 0.0, 4.123105625617661, 4.123105625617661, 5.0, 2.8284271247461903, 4.0, 1.4142135623730951, 2.0, 4.47213595499958, 1.4142135623730951, 4.242640687119285, 2.0, 4.47213595499958, 3.1622776601683795, 1.0, 5.0], [2.23606797749979, 4.0, 1.0, 3.1622776601683795, 1.0, 3.1622776601683795, 5.656854249492381, 2.0, 5.0, 4.0, 5.830951894845301, 4.123105625617661, 2.8284271247461903, 5.0, 4.123105625617661, 0.0, 2.0, 1.4142135623730951, 3.605551275463989, 6.4031242374328485, 3.0, 5.0, 5.385164807134504, 3.605551275463989, 4.123105625617661, 2.23606797749979, 3.0, 1.0, 4.47213595499958, 5.0990195135927845], [1.0, 2.0, 2.23606797749979, 1.4142135623730951, 1.0, 1.4142135623730951, 4.47213595499958, 2.8284271247461903, 3.605551275463989, 4.47213595499958, 4.242640687119285, 2.23606797749979, 2.0, 3.0, 4.123105625617661, 2.0, 0.0, 1.4142135623730951, 2.23606797749979, 5.0, 