{"pos": [[1, 2], [2, 5], [5, 5], [0, 1], [4, 5], [2, 0], [2, 3], [0, 4], [0, 3], [3, 2], [6, 4], [0, 6], [0, 0], [3, 0], [6, 6], [5, 6], [0, 2], [2, 4], [6, 2], [5, 2], [4, 2], [5, 3], [3, 1], [3, 5], [3, 4], [1, 0], [4, 6], [1, 5], [4, 4], [4, 0], [1, 4], [1, 6], [3, 6], [4, 1]], "edges": [[0, 3], [0, 6], [0, 8], [0, 16], [1, 17], [1, 23], [1, 24], [1, 27], [1, 30], [1, 31], [1, 32], [2, 4], [2, 10], [2, 14], [2, 15], [2, 26], [2, 28], [3, 12], [3, 16], [3, 25], [4, 15], [4, 23], [4, 24], [4, 26], [4, 28], [4, 32], [5, 13], [5, 22], [5, 25], [6, 9], [6, 17], [6, 24], [6, 30], [7, 8], [7, 27], [7, 30], [8, 16], [8, 30], [9, 20], [9, 22], [9, 33], [10, 21], [11, 27], [11, 31], [12, 25], [13, 22], [13, 29], [13, 33], [14, 15], [15, 26], [17, 23], [17, 24], [17, 27], [17, 30], [18, 19], [18, 21], [19, 20], [19, 21], [19, 33], [20, 21], [20, 22], [20, 33], [21, 28], [22, 29], [22, 33], [23, 24], [23, 26], [23, 28], [23, 32], [24, 28], [26, 32], [27, 30], [27, 31], [29, 33]], "distances": [[0.0, 3.1622776601683795, 5.0, 1.4142135623730951, 4.242640687119285, 2.23606797749979, 1.4142135623730951, 2.23606797749979, 1.4142135623730951, 2.0, 5.385164807134504, 4.123105625617661, 2.23606797749979, 2.8284271247461903, 6.4031242374328485, 5.656854249492381, 1.0, 2.23606797749979, 5.0, 4.0, 3.0, 4.123105625617661, 2.23606797749979, 3.605551275463989, 2.8284271247461903, 2.0, 5.0, 3.0, 3.605551275463989, 3.605551275463989, 2.0, 4.0, 4.47213595499958, 3.1622776601683795], [3.1622776601683795, 0.0, 3.0, 4.47213595499958, 2.0, 5.0, 2.0, 2.23606797749979, 2.8284271247461903, 3.1622776601683795, 4.123105625617661, 2.23606797749979, 5.385164807134504, 5.0990195135927845, 4.123105625617661, 3.1622776601683795, 3.605551275463989, 1.0, 5.0, 4.242640687119285, 3.605551275463989, 3.605551275463989, 4.123105625617661, 1.0, 1.4142135623730951, 5.0990195135927845, 2.23606797749979, 1.0, 2.23606797749979, 5.385164807134504, 1.4142135623730951, 1.4142135623730951, 1.4142135623730951, 4.47213595499958], [5.0, 3.0, 0.0, 6.4031242374328485, 1.0, 5.830951894845301, 3.605551275463989, 5.0990195135927845, 5.385164807134504, 3.605551275463989, 1.4142135623730951, 5.0990195135927845, 7.0710678118654755, 5.385164807134504, 1.4142135623730951, 1.0, 5.830951894845301, 3.1622776601683795, 3.1622776601683795, 3.0, 3.1622776601683795, 2.0, 4.47213595499958, 2.0, 2.23606797749979, 6.4031242374328485, 1.4142135623730951, 4.0, 1.4142135623730951, 5.0990195135927845, 4.123105625617661, 4.123105625617661, 2.23606797749979, 4.123105625617661], [1.4142135623730951, 4.47213595499958, 6.4031242374328485, 0.0, 5.656854249492381, 2.23606797749979, 2.8284271247461903, 3.0, 2.0, 3.1622776601683795, 6.708203932499369, 5.0, 1.0, 3.1622776601683795, 7.810249675906654, 7.0710678118654755, 1.0, 3.605551275463989, 6.082762530298219, 5.0990195135927845, 4.123105625617661, 5.385164807134504, 3.0, 5.0, 4.242640687119285, 1.4142135623730951, 6.4031242374328485, 4.123105625617661, 5.0, 4.123105625617661, 3.1622776601683795, 5.0990195135927845, 5.830951894845301, 4.0], [4.242640687119285, 2.0, 1.0, 5.656854249492381, 0.0, 5.385164807134504, 2.8284271247461903, 4.123105625617661, 4.47213595499958, 3.1622776601683795, 2.23606797749979, 4.123105625617661, 6.4031242374328485, 5.0990195135927845, 2.23606797749979, 1.4142135623730951, 5.0, 2.23606797749979, 3.605551275463989, 3.1622776601683795, 3.0, 2.23606797749979, 4.123105625617661, 1.0, 1.4142135623730951, 5.830951894845301, 1.0, 3.0, 1.0, 5.0, 3.1622776601683795, 3.1622776601683795, 1.4142135623730951, 4.0], [2.23606797749979, 5.0, 5.830951894845301, 2.23606797749979, 5.385164807134504, 0.0, 3.0, 4.47213595499958, 3.605551275463989, 2.23606797749979, 5.656854249492381, 6.324555320336759, 2.0, 1.0, 7.211102550927978, 6.708203932499369, 2.8284271247461903, 4.0, 4.47213595499958, 3.605551275463989, 2.8284271247461903, 4.242640687119285, 1.4142135623730951, 5.0990195135927845, 4.123105625617661, 1.0, 6.324555320336759, 5.0990195135927845, 4.47213595499958, 2.0, 4.123105625617661, 6.082762530298219, 6.082762530298219, 2.23606797749979], [1.4142135623730951, 2.0, 3.605551275463989, 2.8284271247461903, 2.8284271247461903, 3.0, 0.0, 2.23606797749979, 2.0, 1.4142135623730951, 4.123105625617661, 3.605551275463989, 3.605551275463989, 3.1622776601683795, 5.0, 4.242640687119285, 2.23606797749979, 1.0, 4.123105625617661, 3.1622776601683795, 2.23606797749979, 3.0, 2.23606797749979, 2.23606797749979, 1.4142135623730951, 3.1622776601683795, 3.605551275463989, 2.23606797749979, 2.23606797749979, 3.605551275463989, 1.4142135623730951, 3.1622776601683795, 3.1622776601683795, 2.8284271247461903], [2.23606797749979, 2.23606797749979, 5.0990195135927845, 3.0, 4.123105625617661, 4.47213595499958, 2.23606797749979, 0.0, 1.0, 3.605551275463989, 6.0, 2.0, 4.0, 5.0, 6.324555320336759, 5.385164807134504, 2.0, 2.0, 6.324555320336759, 5.385164807134504, 4.47213595499958, 5.0990195135927845, 4.242640687119285, 3.1622776601683795, 3.0, 4.123105625617661, 4.47213595499958, 1.4142135623730951, 4.0, 5.656854249492381, 1.0, 2.23606797749979, 3.605551275463989, 5.0], [1.4142135623730951, 2.8284271247461903, 5.385164807134504, 2.0, 4.47213595499958, 3.605551275463989, 2.0, 1.0, 0.0, 3.1622776601683795, 6.082762530298219, 3.0, 3.0, 4.242640687119285, 6.708203932499369, 5.830951894845301, 1.0, 2.23606797749979, 6.082762530298219, 5.0990195135927845, 4.123105625617661, 5.0, 3.605551275463989, 3.605551275463989, 3.1622776601683795, 3.1622776601683795, 5.0, 2.23606797749979, 4.123105625617661, 5.0, 1.4142135623730951, 3.1622776601683795, 4.242640687119285, 4.47213595499958], [2.0, 3.1622776601683795, 3.605551275463989, 3.1622776601683795, 3.1622776601683795, 2.23606797749979, 1.4142135623730951, 3.605551275463989, 3.1622776601683795, 0.0, 3.605551275463989, 5.0, 3.605551275463989, 2.0, 5.0, 4.47213595499958, 3.0, 2.23606797749979, 3.0, 2.0, 1.0, 2.23606797749979, 1.0, 3.0, 2.0, 2.8284271247461903, 4.123105625617661, 3.605551275463989, 2.23606797749979, 2.23606797749979, 2.8284271247461903, 4.47213595499958, 4.0, 1.4142135623730951], [5.385164807134504, 4.123105625617661, 1.4142135623730951, 6.708203932499369, 2.23606797749979, 5.656854249492381, 4.123105625617661, 6.0, 6.082762530298219, 3.605551275463989, 0.0, 6.324555320336759, 7.211102550927978, 5.0, 2.0, 2.23606797749979, 6.324555320336759, 4.0, 2.0, 2.23606797749979, 2.8284271247461903, 1.4142135623730951, 4.242640687119285, 3.1622776601683795, 3.0, 6.4031242374328485, 2.8284271247461903, 5.0990195135927845, 2.0, 4.47213595499958, 5.0, 5.385164807134504, 3.605551275463989, 3.605551275463989], [4.123105625617661, 2.23606797749979, 5.0990195135927845, 5.0, 4.123105625617661, 6.324555320336759, 3.605551275463989, 2.0, 3.0, 5.0, 6.324555320336759, 0.0, 6.0, 6.708203932499369, 6.0, 5.0, 4.0, 2.8284271247461903, 7.211102550927978, 6.4031242374328485, 5.656854249492381, 5.830951894845301, 5.830951894845301, 3.1622776601683795, 3.605551275463989, 6.082762530298219, 4.0, 1.4142135623730951, 4.47213595499958, 7.211102550927978, 2.23606797749979, 1.0, 3.0, 6.4031242374328485], [2.23606797749979, 5.385164807134504, 7.0710678118654755, 1.0, 6.4031242374328485, 2.0, 3.605551275463989, 4.0, 3.0, 3.605551275463989, 7.211102550927978, 6.0, 0.0, 3.0, 8.48528137423857, 7.810249675906654, 2.0, 4.47213595499958, 6.324555320336759, 5.385164807134504, 4.47213595499958, 5.830951894845301, 3.1622776601683795, 5.830951894845301, 5.0, 1.0, 7.211102550927978, 5.0990195135927845, 5.656854249492381, 4.0, 4.123105625617661, 6.082762530298219, 6.708203932499369, 4.123105625617661], [2.8284271247461903, 5.0990195135927845, 5.385164807134504, 3.1622776601683795, 5.0990195135927845, 1.0, 3.1622776601683795, 5.0, 4.242640687119285, 2.0, 5.0, 6.708203932499369, 3.0, 0.0, 6.708203932499369, 6.324555320336759, 3.605551275463989, 4.123105625617661, 3.605551275463989, 2.8284271247461903, 2.23606797749979, 3.605551275463989, 1.0, 5.0, 4.0, 2.0, 6.082762530298219, 5.385164807134504, 