{"Omega": {"t 1000": 3.25080887, "t 2000": 2.5652778259641584, "t 3000": 2.658325458047324, "t 4000": 2.5459517701356527}, "Delta_i": {"t 1000": -2.21394214, "t 2000": -3.054642235787642, "t 3000": -3.68039634221216, "t 4000": -6.175726575815153}, "Delta_f": {"t 1000": 3.10496435, "t 2000": 6.044076733967179, "t 3000": 6.655415327878092, "t 4000": 6.186741234222494}}